"","variant","class","literature_WR_variant","abundance_score","abundance_class","activity_score","activity_class","dataset"
"1","A102A","synonymous_variant","no","1.05364609589317","wt-like","unknown","unknown","gnomad"
"2","A115A","synonymous_variant","no","0.939405173476429","wt-like","unknown","unknown","gnomad"
"3","A115G","missense_variant","no","0.808822063296357","wt-like","0.971712065038283","wt-like","gnomad"
"4","A115T","missense_variant","no","0.796553704232601","possibly_wt-like","unknown","unknown","gnomad"
"5","A115V","missense_variant","no","0.954047874727395","wt-like","-0.103649858081882","low","gnomad"
"6","A121S","missense_variant","no","0.935940972270693","wt-like","unknown","unknown","color_genomics"
"7","A14G","missense_variant","no","0.831610824879193","wt-like","unknown","unknown","gnomad"
"8","A14P","missense_variant","no","0.0861499007422533","low","0.82718084431292","wt-like","gnomad"
"9","A14T","missense_variant","no","0.921931614649125","wt-like","unknown","unknown","gnomad"
"10","A160S","missense_variant","no","0.953053689226418","wt-like","unknown","unknown","color_genomics"
"11","A160V","missense_variant","no","0.992430150826655","wt-like","1.13859935488952","wt-like","color_genomics"
"13","A26E","missense_variant","no","1.19685648869178","high","unknown","unknown","gnomad"
"14","A26S","missense_variant","no","1.30849118392002","high","unknown","unknown","gnomad"
"15","A26T","missense_variant","no","1.23647756619451","high","unknown","unknown","color_genomics"
"17","A32E","missense_variant","no","0.995756706532991","possibly_wt-like","unknown","unknown","color_genomics"
"18","A32V","missense_variant","no","0.86628181324558","possibly_wt-like","unknown","unknown","color_genomics"
"19","A34P","missense_variant","no","0.645889392104768","possibly_low","unknown","unknown","gnomad"
"20","A34S","missense_variant","no","0.950011069968482","wt-like","unknown","unknown","gnomad"
"21","A34T","missense_variant","no","0.760542992848514","possibly_wt-like","unknown","unknown","gnomad"
"22","A34V","missense_variant","no","1.04917854669376","wt-like","unknown","unknown","gnomad"
"23","A41A","synonymous_variant","no","unknown","unknown","unknown","unknown","gnomad"
"24","A41V","missense_variant","no","unknown","unknown","unknown","unknown","color_genomics"
"25","C132F","missense_variant","no","-0.00910979792496284","low","unknown","unknown","color_genomics"
"26","C135R","missense_variant","no","0.384474345392165","low","unknown","unknown","color_genomics"
"28","C16F","missense_variant","no","0.00406013570673427","low","0.95212540650616","wt-like","color_genomics"
"29","C16R","missense_variant","no","0.0885915416266523","low","0.945181275205656","wt-like","gnomad"
"30","C16S","missense_variant","no","0.536763619812008","possibly_low","0.969505831658278","wt-like","color_genomics"
"32","C43C","synonymous_variant","no","0.383681400579252","possibly_low","unknown","unknown","gnomad"
"33","D130E","missense_variant","no","0.919922629983594","possibly_wt-like","unknown","unknown","color_genomics"
"35","D36A","missense_variant","no","0.652653344321579","possibly_low","unknown","unknown","color_genomics"
"36","D36D","synonymous_variant","no","0.929646684703662","possibly_wt-like","unknown","unknown","gnomad"
"39","D36Y","missense_variant","no","0.886869699992627","possibly_wt-like",NA,NA,"clinvar"
"40","D38D","synonymous_variant","no","unknown","unknown","unknown","unknown","gnomad"
"41","D38H","missense_variant","no","0.585615727803136","possibly_low","unknown","unknown","color_genomics"
"43","D38Y","missense_variant","no","0.511869649763523","low","unknown","unknown","color_genomics"
"44","D44E","missense_variant","no","unknown","unknown","unknown","unknown","gnomad"
"45","D73G","missense_variant","no","0.752902745920718","possibly_wt-like","0.93966963319612","wt-like","color_genomics"
"46","D73H","missense_variant","no","0.618049031687614","possibly_low","unknown","unknown","gnomad"
"47","D73Y","missense_variant","no","0.546838075638421","low","unknown","unknown","color_genomics"
"48","F125I","missense_variant","no","0.913720828719466","wt-like","unknown","unknown","gnomad"
"49","F125L","missense_variant","no","0.802274574197222","possibly_wt-like","unknown","unknown","gnomad"
"50","F126F","synonymous_variant","no","0.775610349426445","possibly_wt-like","unknown","unknown","gnomad"
"51","F126L","missense_variant","no","0.598173177007424","low","unknown","unknown","color_genomics"
"53","F55F","synonymous_variant","no","0.972830591022406","wt-like","unknown","unknown","gnomad"
"54","F55L","missense_variant","no","0.988220540787682","possibly_wt-like","unknown","unknown","color_genomics"
"56","F55S","missense_variant","no","0.512656968022209","low","unknown","unknown","color_genomics"
"57","F83F","synonymous_variant","no","1.05270584651588","wt-like","unknown","unknown","gnomad"
"58","F83L","missense_variant","no","0.866377181165755","wt-like","0.884664600576715","wt-like","color_genomics"
"60","F87C","missense_variant","no","0.37438831202104","possibly_low","unknown","unknown","color_genomics"
"61","F87L","missense_variant","no","0.849041045430139","possibly_wt-like","0.832023364966817","wt-like","gnomad"
"62","G158V","missense_variant","no","0.913690321345938","wt-like","0.479400877748666","wt-like","gnomad"
"63","G19S","missense_variant","no","0.0780168375376059","low","unknown","unknown","color_genomics"
"65","G2D","missense_variant","no","0.76598144616042","possibly_wt-like","unknown","unknown","color_genomics"
"67","G62G","synonymous_variant","no","0.97119603866809","wt-like","unknown","unknown","gnomad"
"68","G62S","missense_variant","no","0.46704386843982","low","unknown","unknown","gnomad"
"69","G62V","missense_variant","no","0.455764778498387","low","0.841723431097459","wt-like","color_genomics"
"70","G64G","synonymous_variant","no","1.04383112445746","wt-like","unknown","unknown","gnomad"
"71","G64R","missense_variant","no","0.322867684865167","low","unknown","unknown","color_genomics"
"72","G6G","synonymous_variant","no","0.974339646428013","wt-like","unknown","unknown","gnomad"
"73","G6R","missense_variant","no","1.30765198194165","high","unknown","unknown","gnomad"
"74","G84G","synonymous_variant","no","1.04991976221431","wt-like","unknown","unknown","gnomad"
"75","G84S","missense_variant","no","0.92470187611351","wt-like","unknown","unknown","color_genomics"
"77","G9D","missense_variant","no","0.488860932615763","low","unknown","unknown","color_genomics"
"79","H28H","synonymous_variant","no","1.05606120601236","wt-like","unknown","unknown","gnomad"
"80","H28Q","missense_variant","no","unknown","unknown","unknown","unknown","gnomad"
"81","H68P","missense_variant","no","1.09733780666002","wt-like","1.22514614080754","wt-like","gnomad"
"82","H68R","missense_variant","no","0.846102295130294","wt-like","1.06792349923369","wt-like","color_genomics"
"84","H68Y","missense_variant","no","0.700438772490574","possibly_low","unknown","unknown","color_genomics"
"86","I123V","missense_variant","no","0.973422350832371","wt-like","1.12697005492246","wt-like","color_genomics"
"87","I133V","missense_variant","no","1.05263804670595","wt-like","unknown","unknown","color_genomics"
"89","I136I","synonymous_variant","no","1.08907945677649","wt-like","1.24443362759598","wt-like","gnomad"
"90","I136V","missense_variant","no","1.03689698716644","wt-like","unknown","unknown","color_genomics"
"92","I141I","synonymous_variant","no","1.02582444531718","wt-like","0.691125064644692","wt-like","gnomad"
"93","I141V","missense_variant","no","0.860245340224658","possibly_wt-like","unknown","unknown","color_genomics"
"94","I82T","missense_variant","no","0.922057182757084","wt-like","1.31852972064535","high","gnomad"
"95","I82V","missense_variant","no","0.922857315014799","wt-like","unknown","unknown","color_genomics"
"97","I86S","missense_variant","no","0.754732133844838","possibly_wt-like","unknown","unknown","gnomad"
"98","K152K","synonymous_variant","no","unknown","unknown","unknown","unknown","gnomad"
"99","K152N","missense_variant","no","0.961340875804457","wt-like","1.07619491133486","wt-like","color_genomics"
"101","K30K","synonymous_variant","no","unknown","unknown","unknown","unknown","gnomad"
"102","K30R","missense_variant","no","1.07705395657709","wt-like","unknown","unknown","gnomad"
"103","L105L","synonymous_variant","no","0.852857680535011","possibly_wt-like","unknown","unknown","gnomad"
"104","L105P","missense_variant","no","0.398751078170188","low","0.664100775394733","wt-like","gnomad"
"105","L108L","synonymous_variant","no","0.785640940985947","possibly_wt-like","1.04503083466302","wt-like","gnomad"
"106","L111L","synonymous_variant","no","1.02743199192794","wt-like","unknown","unknown","gnomad"
"107","L111V","missense_variant","no","1.00177125652976","wt-like","0.375258614796807","possibly_wt-like","gnomad"
"108","L120L","synonymous_variant","no","0.97816213186274","wt-like","1.01601562785786","wt-like","gnomad"
"109","L124V","missense_variant","no","0.983678750201302","wt-like","0.835532673679117","wt-like","gnomad"
"110","L128F","missense_variant","no","unknown","unknown","unknown","unknown","color_genomics"
"111","L128R","missense_variant","no","0.726574156101014","possibly_wt-like","unknown","unknown","color_genomics"
"112","L13L","synonymous_variant","no","1.00186494839988","wt-like","1.02342991027266","wt-like","gnomad"
"113","L145L","synonymous_variant","no","1.00132135888533","wt-like","unknown","unknown","gnomad"
"114","L145Q","missense_variant","no","-0.169869242904658","low","unknown","unknown","color_genomics"
"115","L15F","missense_variant","no","0.73155003730191","possibly_wt-like","unknown","unknown","color_genomics"
"116","L15V","missense_variant","no","0.429339470304063","low","1.17217897822095","wt-like","color_genomics"
"117","L17Q","missense_variant","no","0.100409398509794","low","1.07611462080741","wt-like","gnomad"
"118","L20L","synonymous_variant","no","1.00775511001597","wt-like","unknown","unknown","gnomad"
"119","L22F","missense_variant","no","0.818947620911159","wt-like","unknown","unknown","gnomad"
"120","L22P","missense_variant","no","0.0790811527767838","low","unknown","unknown","color_genomics"
"121","L24L","synonymous_variant","no","unknown","unknown","unknown","unknown","gnomad"
"122","L27L","synonymous_variant","no","0.810107003078885","possibly_wt-like","unknown","unknown","gnomad"
"123","L27V","missense_variant","no","0.514714773236243","possibly_low","unknown","unknown","color_genomics"
"125","L42F","missense_variant","no","unknown","unknown","unknown","unknown","gnomad"
"126","L65L","synonymous_variant","no","1.20338589475977","high","unknown","unknown","gnomad"
"127","L70L","synonymous_variant","no","0.9867102400924","wt-like","unknown","unknown","gnomad"
"128","L70Q","missense_variant","no","0.323522872138736","low","0.840700949954323","wt-like","gnomad"
"129","L76F","missense_variant","no","1.05920706313722","wt-like","unknown","unknown","color_genomics"
"130","L90L","synonymous_variant","no","0.828359150550388","possibly_wt-like","unknown","unknown","gnomad"
"131","L92I","missense_variant","no","0.897211945126485","wt-like","unknown","unknown","color_genomics"
"132","L93F","missense_variant","no","unknown","unknown","unknown","unknown","color_genomics"
"133","L93L","synonymous_variant","no","unknown","unknown","unknown","unknown","gnomad"
"134","L93S","missense_variant","no","unknown","unknown","unknown","unknown","color_genomics"
"135","L93V","missense_variant","no","0.952879090535546","wt-like","unknown","unknown","gnomad"
"136","L94I","missense_variant","no","0.507621898856166","low","unknown","unknown","color_genomics"
"138","L94L","synonymous_variant","no","1.0636766950854","wt-like","unknown","unknown","gnomad"
"139","L97L","synonymous_variant","no","1.05963049612774","wt-like","-0.258395933970271","possibly_low","gnomad"
"140","M106T","missense_variant","no","0.87744843148807","wt-like","unknown","unknown","color_genomics"
"141","M146I","missense_variant","no","0.810906429654587","possibly_wt-like","1.10476547448379","wt-like","color_genomics"
"142","N142K","missense_variant","no","unknown","unknown","unknown","unknown","gnomad"
"143","N142N","synonymous_variant","no","1.04411424230606","wt-like","unknown","unknown","gnomad"
"144","N142S","missense_variant","no","0.261184209792932","low","unknown","unknown","color_genomics"
"145","N77S","missense_variant","no","0.494668998859867","low","1.06825670383616","wt-like","gnomad"
"146","N77Y","missense_variant","no","0.646286247573915","possibly_low","unknown","unknown","color_genomics"
"148","P8A","missense_variant","no","0.749609466681606","possibly_wt-like","unknown","unknown","color_genomics"
"149","P8L","missense_variant","no","0.642697434237652","possibly_low","unknown","unknown","color_genomics"
"151","P8P","synonymous_variant","no","0.757495098225308","possibly_wt-like","unknown","unknown","gnomad"
"152","Q157H","missense_variant","no","0.905280956027052","wt-like","unknown","unknown","color_genomics"
"153","Q72H","missense_variant","no","0.953724418565179","wt-like","unknown","unknown","gnomad"
"154","Q72K","missense_variant","no","unknown","unknown","unknown","unknown","color_genomics"
"156","Q78Q","synonymous_variant","no","0.976179081869114","wt-like","unknown","unknown","gnomad"
"157","Q91L","missense_variant","no","0.572574528433067","possibly_low","unknown","unknown","color_genomics"
"159","R100C","missense_variant","no","unknown","unknown","unknown","unknown","color_genomics"
"161","R12P","missense_variant","no","0.694622651327001","possibly_low","unknown","unknown","gnomad"
"162","R12R","synonymous_variant","no","1.01844375732962","wt-like","unknown","unknown","gnomad"
"163","R151L","missense_variant","no","0.92102789940486","wt-like","1.19347446867022","wt-like","gnomad"
"164","R151P","missense_variant","no","0.737527972290041","possibly_wt-like","unknown","unknown","gnomad"
"165","R151Q","missense_variant","no","0.994336760449901","possibly_wt-like","0.887589512324286","wt-like","color_genomics"
"167","R151W","missense_variant","no","0.883378380987551","wt-like","unknown","unknown","color_genomics"
"169","R33C","missense_variant","no","1.43185287430403","high","1.27415128035202","high","color_genomics"
"170","R33R","synonymous_variant","no","1.07433959270665","wt-like","unknown","unknown","gnomad"
"171","R35G","missense_variant","no","1.39858160716793","high","unknown","unknown","color_genomics"
"173","R35Q","missense_variant","no","unknown","unknown","unknown","unknown","color_genomics"
"175","R35R","synonymous_variant","no","1.09879345351381","wt-like","unknown","unknown","gnomad"
"176","R35W","missense_variant","no","unknown","unknown","unknown","unknown","color_genomics"
"178","R37P","missense_variant","no","1.00705317529623","wt-like","unknown","unknown","color_genomics"
"179","R37R","synonymous_variant","no","1.01863669666005","wt-like","unknown","unknown","gnomad"
"180","R37W","missense_variant","no","unknown","unknown","unknown","unknown","color_genomics"
"181","R40C","missense_variant","no","0.999373696076328","wt-like","unknown","unknown","color_genomics"
"182","R40R","synonymous_variant","no","0.976711031338868","possibly_wt-like","unknown","unknown","gnomad"
"183","R53C","missense_variant","no","0.966026509259087","wt-like","unknown","unknown","gnomad"
"184","R53S","missense_variant","no","1.11368777144823","wt-like","unknown","unknown","color_genomics"
"186","R61K","missense_variant","no","1.1369213445464","high","unknown","unknown","color_genomics"
"187","R61S","missense_variant","no","1.08963434906551","wt-like","0.851780704737167","wt-like","gnomad"
"188","R98G","missense_variant","no","0.691903277286854","possibly_low","unknown","unknown","gnomad"
"189","R98Q","missense_variant","no","0.536009137825161","possibly_low","unknown","unknown","color_genomics"
"191","R98W","missense_variant","R98W","0.44758419710705","low","unknown","unknown","color_genomics"
"193","S113A","missense_variant","no","1.04420890189266","possibly_wt-like","unknown","unknown","color_genomics"
"195","S149G","missense_variant","no","0.748846437047895","possibly_wt-like","0.976839059447569","wt-like","color_genomics"
"196","S23W","missense_variant","no","unknown","unknown","unknown","unknown","gnomad"
"197","S3G","missense_variant","no","0.978637525803098","wt-like","0.960581658200411","wt-like","color_genomics"
"198","S52L","missense_variant","no","0.37062226586105","low","unknown","unknown","color_genomics"
"199","S52X","stop_gained","no","0.0868556240937845","low","unknown","unknown","color_genomics"
"201","S56S","synonymous_variant","no","0.866710970128413","wt-like","1.17821643685748","wt-like","gnomad"
"202","S79S","synonymous_variant","no","0.832106380007348","possibly_wt-like","1.08820620562321","wt-like","gnomad"
"203","S7I","missense_variant","no","0.502737846652527","low","unknown","unknown","color_genomics"
"205","S7N","missense_variant","no","1.02698347751713","wt-like","1.22514614080754","wt-like","color_genomics"
"207","S7R","missense_variant","no","1.18904256134911","high","0.533661685889333","wt-like","color_genomics"
"209","T137T","synonymous_variant","no","0.887193988540292","possibly_wt-like","unknown","unknown","gnomad"
"210","T138I","missense_variant","no","1.08629089497147","wt-like","1.27242453872875","high","gnomad"
"211","T138P","missense_variant","no","0.0345006458830073","low","0.625314161154415","wt-like","color_genomics"
"212","T18M","missense_variant","no","1.17048884152012","high","unknown","unknown","color_genomics"
"213","T18T","synonymous_variant","no","1.05073122568329","wt-like","unknown","unknown","gnomad"
"214","T47I","missense_variant","no","1.00787056220362","wt-like","0.895290472744741","wt-like","color_genomics"
"216","T47P","missense_variant","no","0.93160477394604","wt-like","unknown","unknown","color_genomics"
"217","T4A","missense_variant","no","0.930642761122599","possibly_wt-like","unknown","unknown","color_genomics"
"219","T4N","missense_variant","no","1.12169767376225","high","unknown","unknown","gnomad"
"220","T4S","missense_variant","no","0.912547616482759","wt-like","unknown","unknown","gnomad"
"221","T4T","synonymous_variant","no","0.708050811304318","possibly_low","unknown","unknown","gnomad"
"222","T89T","synonymous_variant","no","1.02372889980445","wt-like","unknown","unknown","gnomad"
"223","T99K","missense_variant","no","1.14304758515843","high","unknown","unknown","gnomad"
"224","V104G","missense_variant","no","0.97093575829361","wt-like","1.21914365303631","wt-like","gnomad"
"225","V104V","synonymous_variant","no","1.03600987267142","wt-like","0.956892427764391","wt-like","gnomad"
"226","V112M","missense_variant","no","0.941988751200655","possibly_wt-like","unknown","unknown","color_genomics"
"228","V112V","synonymous_variant","no","1.08046273371122","wt-like","unknown","unknown","gnomad"
"229","V118F","missense_variant","no","0.936761863597745","wt-like","unknown","unknown","gnomad"
"230","V118L","missense_variant","no","1.06737759399212","wt-like","unknown","unknown","color_genomics"
"232","V11L","missense_variant","no","1.02806664669197","wt-like","unknown","unknown","color_genomics"
"233","V127L","missense_variant","no","0.632350867254255","possibly_low","unknown","unknown","color_genomics"
"235","V127M","missense_variant","no","0.8173462694218","possibly_wt-like","unknown","unknown","color_genomics"
"237","V143M","missense_variant","no","0.944794850101343","wt-like","1.17729136334021","wt-like","color_genomics"
"239","V153A","missense_variant","no","0.943785882460863","wt-like","unknown","unknown","color_genomics"
"240","V153I","missense_variant","no","0.673756837384361","possibly_low","unknown","unknown","color_genomics"
"242","V21V","synonymous_variant","no","0.89902862363759","possibly_wt-like","unknown","unknown","gnomad"
"243","V29G","missense_variant","no","0.794499590666453","possibly_wt-like","0.805496260212664","wt-like","gnomad"
"244","V29L","missense_variant","no","0.72255855836493","possibly_wt-like","unknown","unknown","color_genomics"
"246","V45M","missense_variant","no","1.03936978692616","wt-like","unknown","unknown","color_genomics"
"247","V66M","missense_variant","no","0.925577486868651","wt-like","1.2239957787304","wt-like","color_genomics"
"249","V66V","synonymous_variant","no","0.832148370247232","possibly_wt-like","unknown","unknown","gnomad"
"250","W101S","missense_variant","no","0.954707566392734","wt-like","1.08311498995825","wt-like","color_genomics"
"251","W101X","stop_gained","no","0.0312054863393924","low","unknown","unknown","color_genomics"
"252","W10C","missense_variant","no","0.900988610452188","possibly_wt-like","unknown","unknown","color_genomics"
"254","W10L","missense_variant","no","1.05331101883316","wt-like","0.56762498295438","wt-like","color_genomics"
"256","W10S","missense_variant","no","0.717516380767191","possibly_wt-like","unknown","unknown","gnomad"
"257","W10X","stop_gained","no","unknown","unknown","unknown","unknown","color_genomics"
"259","W122C","missense_variant","no","0.898673686750732","possibly_wt-like","unknown","unknown","gnomad"
"260","W147R","missense_variant","no","0.481733315575794","low","unknown","unknown","color_genomics"
"261","W59X","stop_gained","no","-0.0354616872838842","low","unknown","unknown","color_genomics"
"262","W5C","missense_variant","no","0.893039191871424","wt-like","unknown","unknown","color_genomics"
"264","W5L","missense_variant","no","0.997003120263882","wt-like","unknown","unknown","color_genomics"
"266","W5S","missense_variant","no","0.677663924123519","possibly_low","1.1803696009193","wt-like","color_genomics"
"267","Y119H","missense_variant","no","0.474838290185257","low","1.05276390958364","wt-like","color_genomics"
"268","Y119N","missense_variant","no","0.0137800818773932","low","unknown","unknown","color_genomics"
"270","Y129C","missense_variant","no","0.833488563025312","possibly_wt-like","0.683280055933097","wt-like","color_genomics"
"271","Y25Y","synonymous_variant","no","unknown","unknown","unknown","unknown","gnomad"
"272","Y39H","missense_variant","no","0.79753992876082","possibly_wt-like","unknown","unknown","color_genomics"
